PlayerId,Name,Team,Points,PointAverage
27498,Spencer Strider,ATL,592.830925,20.006038113429128
13125,Gerrit Cole,NYY,559.2751949999999,18.276967156862742
15689,Luis Castillo,SEA,521.881305,17.216475658877904
14107,Kevin Gausman,TOR,520.60891,17.595331537554202
17085,Pablo López,MIN,515.52402,17.211845070563605
10310,Zack Wheeler,PHI,514.08877,17.204479420101666
19361,Corbin Burnes,BAL,510.771875,16.866787802936994
19291,Zac Gallen,ARI,509.42496,16.85302985691837
17295,Framber Valdez,HOU,508.52110000000005,17.529528359773042
16149,Aaron Nola,PHI,499.53671,16.811889288635058
17995,Logan Webb,SFG,492.16925499999996,16.32494220237957
22250,Logan Gilbert,SEA,484.1978500000001,15.837174350336078
25436,George Kirby,SEA,480.9772300000001,16.158720074716623
sa3023345,Yoshinobu Yamamoto,LAD,470.07826,17.617672455794498
13543,Blake Snell,,468.76745500000004,16.794417295724795
18679,Freddy Peralta,MIL,465.28874999999994,16.40853948830074
19959,Jesús Luzardo,MIA,458.68423499999994,15.916974699225811
13743,Max Fried,ATL,453.691635,16.42655651462378
18525,Dylan Cease,CHW,451.76765499999993,14.909971220837168
13774,Zach Eflin,TBR,448.24139024999994,15.857633753263567
11156,Merrill Kelly,ARI,446.842625,15.150032209394972
12304,Chris Bassitt,TOR,446.37024999999994,15.321177516458318
21390,Joe Ryan,MIN,444.84013500000003,15.91038820992092
17312,Justin Steele,CHC,441.7044550000001,15.196655014983197
22267,Tarik Skubal,DET,440.65996499999994,15.980705543164879
14374,Tyler Glasnow,LAD,436.111535,18.18639350961839
17594,Mitch Keller,PIT,433.55875000000003,14.441704722980019
30134,Tanner Bibee,CLE,432.4564449999999,15.46807514843694
24492,Grayson Rodriguez,BAL,430.822815,15.191427770490415
14168,José Berríos,TOR,426.09826,14.557060425200454
15454,Nick Pivetta,BOS,423.51084000000003,13.98367039665061
19427,Shane Bieber,CLE,418.63626,15.829791916388427
13164,Eduardo Rodriguez,ARI,418.6158899999999,14.962537530024017
27483,Bobby Miller,LAD,416.76105999999993,15.759660122216841
12970,Joe Musgrove,SDP,414.45095,15.95920390921623
16511,Jordan Montgomery,,413.86014,14.704518370870952
21846,Cole Ragans,KCR,412.13868,15.04699435197389
12768,Sonny Gray,STL,410.388785,14.711015460610037
22182,Hunter Greene,CIN,410.27612,15.302757864426756
25880,Hunter Brown,HOU,407.436015,13.518833614259549
15474,Lucas Giolito,BOS,406.38200500000005,14.16690796331222
31838,Kodai Senga,NYM,400.666235,16.43442023486753
17606,Cristian Javier,HOU,400.58360000000005,14.141455648164822
4676,Charlie Morton,ATL,395.9115,15.18228567484239
8700,Justin Verlander,HOU,388.669795,15.625984288373477
21844,Braxton Garrett,MIA,382.2478249999999,13.536071312218473
16137,Carlos Rodón,NYY,381.296365,15.310032724352538
21224,Bailey Ober,MIN,380.1052449999999,13.86026323562122
2520,Lance Lynn,STL,379.9219750000001,14.012539187843473
20633,Yusei Kikuchi,TOR,377.24321174999994,13.457111680876107
23920,Brayan Bello,BOS,376.943005,13.573651072012446
10123,Kyle Gibson,STL,373.8885,12.885242342367182
15816,Devin Williams,MIL,373.1227650000001,5.970728493247137
14916,Jon Gray,TEX,371.56151,13.606175045682082
sa3023346,Shota Imanaga,CHC,369.592815,14.734381889434173
19853,Michael King,SDP,368.79609999999997,11.674752763602749
13074,Yu Darvish,SDP,368.71469,15.643986830214137
9132,Nathan Eovaldi,TEX,367.34467000000006,14.732858340318526
27468,Reid Detmers,LAA,366.37987499999997,13.61369302854425
27768,Eury Pérez,MIA,363.98153,14.338336117107605
14710,Edwin Díaz,NYM,363.7248850000001,6.0455367976304855
23429,JP Sears,OAK,363.369275,12.791765088976115
13431,Marcus Stroman,NYY,360.6414500000001,13.600232678289272
19350,Dean Kremer,BAL,359.80742999999995,13.088237562247869
9803,Miles Mikolas,STL,357.81898499999994,12.602144328807647
21029,Jhoan Duran,MIN,355.60816,5.849453394611915
30122,Gavin Williams,CLE,355.43588,13.415205887903378
19479,Aaron Civale,TBR,351.14592999999996,13.773885602661059
19867,Griffin Canning,LAA,351.069885,14.176164758043674
14212,Josh Hader,HOU,349.94142999999997,5.863148468037979
26221,Ryan Pepiot,TBR,349.73248,12.431750094198108
25377,Brady Singer,KCR,349.261555,12.677646518617465
11836,Taijuan Walker,PHI,348.87321000000003,12.685791113809994
17277,Ranger Suárez,PHI,348.458695,13.139121327868418
21032,Emmanuel Clase,CLE,348.2391,5.345132132118304
10603,Chris Sale,ATL,348.10463,15.117040643062799
18000,Triston McKenzie,CLE,346.859065,13.90774117882919
19409,Dane Dunning,TEX,346.48852999999997,11.9976083629388
15873,Sean Manaea,NYM,345.451955,11.626798702194758
29837,Bryce Miller,SEA,342.2901949999999,13.432257767034102
19447,Patrick Sandoval,LAA,341.40122500000007,12.904198763257563
22201,MacKenzie Gore,WSN,341.26824000000005,13.081024807580267
21992,Camilo Doval,SFG,341.079045,5.4731939035368535
27782,Brandon Pfaadt,ARI,339.89426499999996,13.308102653051634
21132,Alexis Díaz,CIN,339.188355,5.272172094454703
30279,Bryan Woo,SEA,338.84814500000005,10.927095701695267
17874,Nestor Cortes,NYY,338.67599499999994,12.885645393255004
24580,Josiah Gray,WSN,337.7881699999999,11.95579139988178
11674,Jameson Taillon,CHC,333.52360999999996,12.775402865930966
29911,Andrew Abbott,CIN,332.45408999999995,13.71300956537162
27589,Logan Allen,CLE,332.394765,13.097339708733275
21690,Edward Cabrera,MIA,332.109005,13.272361984765773
19899,Clarke Schmidt,NYY,331.9582932,12.226374468712018
17130,Raisel Iglesias,ATL,329.515005,5.572881429028062
22543,Taj Bradley,TBR,329.173075,8.997659515147207
18498,Kenta Maeda,DET,328.29118,11.675896432763096
11423,Jose Quintana,NYM,328.09592,12.456705481246368
19569,David Bednar,PIT,327.71007,5.364328882021129
27758,Kyle Harrison,SFG,327.38437,12.81663854492497
17586,Tanner Scott,MIA,326.201125,4.94798903315839
12447,Seth Lugo,KCR,323.1778239,12.479305555448295
16122,Jordan Romano,TOR,322.944125,5.654070759895022
13892,Paul Sewald,ARI,322.565445,5.2139878672084885
20531,Kutter Crawford,BOS,321.72602,9.992825750022519
20778,Cristopher Sánchez,PHI,318.40114215,10.482721749594225
12880,Tyler Anderson,LAA,317.54623,12.08015604908965
19374,Walker Buehler,LAD,316.14587500000005,14.939248704051113
17479,Jack Flaherty,DET,313.44513500000005,12.512130508197181
18138,Ryan Helsley,STL,313.02801,5.457671264880848
17998,Pete Fairbanks,TBR,312.42118,5.811341019259458
13649,Clay Holmes,NYY,311.761265,5.084252270911136
17734,Evan Phillips,LAD,311.01831500000003,5.198827825296241
15423,Andrew Heaney,TEX,308.52851999999996,11.339625110261688
24968,Reese Olson,DET,308.280285,12.693117568101716
3096,Kenley Jansen,BOS,306.06206499999996,5.2049955273325885
14078,Michael Wacha,KCR,305.37596,12.833780631821373
20373,Andrés Muñoz,SEA,305.080505,5.3749397460879
14309,Frankie Montas,CIN,304.74921,13.560078757675535
19879,Tanner Houck,BOS,302.83298,8.70524902694654
6902,Martín Pérez,PIT,301.57459000000006,11.544894896619313
27691,Louie Varland,MIN,300.192875,8.5165448164729
17780,José Alvarado,PHI,299.54448,4.766970041774418
6655,Craig Kimbrel,BAL,299.40426,4.717486752937358
17859,Adbert Alzolay,CHC,298.0417,5.221290424301881
9323,Patrick Corbin,WSN,296.77653,10.752889705322884
17425,Erick Fedde,CHW,293.917,11.52091597547782
27552,Graham Ashcraft,CIN,292.19485,11.883926319985033
12049,Kyle Hendricks,CHC,290.344565,11.846156812024676
27779,Bryce Elder,ATL,289.1176449999999,12.05787279741424
12317,Colin Rea,,286.745375,9.577781693198748
26378,Nick Lodolo,CIN,286.6096,10.900729099712088
15823,Zack Littell,TBR,286.54495655,9.532306840561004
13361,Steven Matz,STL,286.376985,10.301293340671435
23499,Keaton Winn,SFG,280.0871155,9.974861036421848
22207,DL Hall,MIL,278.3090449999999,7.66187124730549
21212,J.P. France,HOU,278.07915,7.106237398324121
20099,Chris Paddack,MIN,277.02351,10.805824117956819
16256,Kyle Freeland,COL,276.33466,9.850730423995266
22286,Trevor Rogers,MIA,275.565545,12.585602617913434
14739,Paul Blackburn,OAK,274.95651,11.324543136859187
30074,Chase Silseth,LAA,274.83536000000004,10.277369511401627
19883,Alex Lange,DET,274.202205,4.402796524034548
26410,Alek Manoah,TOR,273.624405,11.921489225433728
15890,Luis Severino,NYM,272.98192,12.122777676624581
8779,Wade Miley,MIL,272.011835,11.884162203018096
24586,Kyle Bradish,BAL,270.0961199999999,15.088915828226337
17282,Michael Kopech,CHW,268.86576,10.507165634965299
13273,Ross Stripling,OAK,262.5808079,8.816998908707507
16561,Austin Gomber,COL,260.207735,10.033227233117149
15009,Kyle Finnegan,WSN,259.09017500000004,4.005085383743777
29839,Emmet Sheehan,LAD,257.6063733,7.941010274352651
12808,Mike Clevinger,,256.778495,11.45907967137177
7593,Jordan Lyles,KCR,255.979635,8.268610213838103
12718,Adrian Houser,NYM,254.84549999999996,8.474736625076483
19312,Cal Quantrill,COL,254.54774,9.63119771467489
30094,Jordan Wicks,CHC,254.21194500000001,11.010279748447287
13619,Jakob Junis,MIL,251.26696,8.59082271448255
19618,Jordan Hicks,SFG,251.25403500000002,6.951242073636333
21649,Luis Medina,OAK,251.21929,10.92295775505235
15467,Marco Gonzales,PIT,248.68332499999997,9.600264246944462
30115,Robert Suarez,SDP,248.028125,4.23701578792724
16269,John Means,BAL,247.69249499999998,10.448470857711728
13781,Alex Wood,OAK,247.383245,9.980604081270373
12730,Nick Martinez,CIN,246.33182500000004,5.958247466318362
13050,Anthony DeSclafani,MIN,242.61725,8.009707696167762
14524,José Leclerc,TEX,242.31957,4.089823188082917
18413,José Urquidy,HOU,240.3997065,6.689978836376387
14542,Carlos Estévez,LAA,240.27227499999998,3.8584257637047727
25756,Matt Brash,SEA,239.800855,4.117756689184317
14843,Michael Lorenzen,,236.76070500000003,10.909726612539053
21504,Jake Irvin,WSN,233.253615,10.160855502459041
18383,Michael Soroka,CHW,232.78159499999998,9.870569765173807
26253,Ryne Nelson,ARI,228.851835,8.57100506728288
20369,Matt Manning,DET,228.04047500000001,9.973822270041419
15507,Hunter Harvey,WSN,227.28193,3.919518962805584
24719,Randy Vásquez,SDP,226.032725,10.653327976019344
31757,Mason Miller,OAK,225.027905,4.408093921894344
22264,Shane Baz,TBR,224.94435499999997,11.280438641800101
20191,Garrett Whitlock,BOS,224.161645,4.015283706300345
13594,Robert Stephenson,LAA,223.97761500000001,3.8415809514008594
25386,Jhony Brito,SDP,223.5409401,5.889475711349983
sa3023348,Yuki Matsui,SDP,223.09941,3.7461763209462355
17639,Justin Lawrence,COL,221.31833,3.5858794803578777
29608,Joe Boyle,OAK,221.24434499999998,8.81729090032321
21584,Tristan Beck,SFG,220.59723499999996,7.266838457408083
21741,Javier Assad,CHC,219.65584499999997,5.714906102675643
12777,John Brebbia,CHW,216.00041500000003,3.8440325069272543
21318,Tylor Megill,NYM,215.36943000000002,6.467103773613234
20000,Tyler Wells,BAL,213.82125000000002,5.617768301910588
11861,Jason Adam,TBR,213.33738,3.7956200561503888
6562,Alex Cobb,SFG,212.63481500000003,13.147030654894397
16977,Trevor Williams,WSN,212.39964899999998,6.3868260669535335
11828,James Paxton,LAD,211.84130499999998,11.559477960515546
20070,Bailey Falter,PIT,210.52621999999997,5.557435609090356
19343,A.J. Puk,MIA,208.65090500000002,3.566200547276522
16400,Reynaldo López,ATL,207.70277499999995,3.5826327427904134
11804,Héctor Neris,CHC,207.169905,3.223165119416012
8048,Will Smith,KCR,206.332875,3.389279149644946
25942,Andrew Nardi,MIA,206.103135,3.2387362520801615
25911,Yennier Cano,BAL,205.91088000000002,3.301753412620402
10233,Aroldis Chapman,PIT,203.49170999999998,3.490759146676181
17149,Domingo Germán,,202.64066000000003,12.135842660965283
20492,Casey Mize,DET,202.4785,11.146014532643399
sa3017310,Robert Gasser,MIL,201.83115000000004,9.32676293900185
16609,Bryan Abreu,HOU,200.28215000000003,3.2595088330308974
7005,Ryan Pressly,HOU,199.84977,3.3156328494400666
19876,Kevin Ginkel,ARI,198.806285,3.244328479505729
27646,Luis L. Ortiz,PIT,198.73056,8.429394423966848
19206,Dakota Hudson,COL,198.35161499999998,7.868254519201399
8241,David Robertson,TEX,198.324725,3.458261476840558
21527,James McArthur,KCR,198.26618000000002,3.5015935586533082
3137,Max Scherzer,TEX,198.145535,15.396401986075713
13799,Matt Strahm,PHI,197.4102,3.356465793531911
18655,A.J. Minter,ATL,197.39535999999998,3.1332099490484278
21446,Ryan Feltner,COL,195.87205999999998,9.839010031294423
16587,Erik Swanson,TOR,193.82611000000003,3.270807838081385
23550,Aaron Ashby,MIL,193.2657477,5.823748341157965
17432,Jeff Hoffman,PHI,191.94782500000002,3.311300728856687
1943,Zack Greinke,,188.352215,10.29218955766236
19249,Seranthony Domínguez,PHI,187.697365,3.1434565947362687
14993,Scott Barlow,CLE,187.024845,2.9743515343706664
17969,Peter Lambert,COL,185.9656,6.660205788288046
13896,Chris Flexen,CHW,185.012195,7.358251436753037
21537,Daniel Lynch IV,KCR,184.283905,7.892852768093473
16703,Julian Merryweather,CHC,183.714695,3.044900737877723
14986,Giovanny Gallegos,STL,183.627015,3.1370786238519575
19360,Lucas Erceg,OAK,181.67314,2.9422419084482523
19403,Colin Poche,TBR,180.23616,3.025909143564182
14332,Joel Payamps,MIL,180.11855,2.97193943213918
20302,David Peterson,NYM,179.88732000000002,6.923083317618354
19932,Trevor Stephan,CLE,179.44903,2.9666733897299147
27463,Garrett Crochet,CHW,178.810955,3.466934394031344
19677,Gregory Soto,PHI,177.185605,2.7673273442588133
11760,Drew Smyly,CHC,177.176225,3.9920019692313233
12972,Joe Ross,MIL,176.713595,6.9785208806397465
13449,Taylor Rogers,SFG,175.641605,3.0602888291069767
14771,Emilio Pagán,CIN,175.5811,2.846008837192716
18323,Josh Sborz,TEX,175.17913000000001,3.1094421507407106
20253,Griffin Jax,MIN,174.76550500000002,3.2182686606192523
27474,Max Meyer,MIA,174.74130000000002,11.121589368567776
20367,Brusdar Graterol,LAD,174.547785,2.928654110738255
16929,Touki Toussaint,CHW,174.20088499999997,5.74696603303004
12095,Yimi García,TOR,170.574705,2.9073730562794764
1247,Adam Ottavino,NYM,168.60032999999999,2.7494399209415263
22810,Roansy Contreras,PIT,168.565974,4.18255018336468
16258,Aaron Bummer,ATL,168.34964499999998,2.918344176387278
15761,Joe Jiménez,ATL,167.63011,2.765648598038326
13435,Pierce Johnson,ATL,167.00985500000002,2.9042414203858766
18297,Tyler Kinley,COL,166.9039,2.837661984378772
19574,JoJo Romero,STL,166.287865,3.306572565972229
11847,Chris Martin,BOS,166.00929000000002,2.8322657199011836
25550,Matt Waldron,SDP,165.49644,10.59651940069151
20020,John Schreiber,KCR,165.341175,2.8552043993389593
9073,Kirby Yates,TEX,164.828575,2.799598052170841
25977,Quinn Priester,PIT,164.14157500000002,7.5470166718775875
17722,Trevor Megill,MIL,163.90357500000002,3.1042578921052435
19261,Ian Hamilton,NYY,163.749945,3.1363953181024176
sa3023349,Yariel Rodriguez,TOR,162.91575,3.8466801094627683
sa3012630,Woo-Suk Go,SDP,162.825925,2.842130228433883
25007,Alex Vesia,LAD,162.82358,2.8766654593959524
26285,Tommy Henry,ARI,162.325805,6.831319122969447
19531,Jason Foley,DET,161.971235,2.691307609611336
27597,Cody Bradford,TEX,161.605685,5.130746408445114
9761,Joe Kelly,LAD,160.33219000000003,2.9833907066406664
25327,Abner Uribe,MIL,159.798695,2.7617925009289586
22387,Josh Winckowski,BOS,158.65179,2.932137266462014
18864,Pedro Avila,SDP,158.430225,7.061743926899934
21170,Dany Jiménez,OAK,158.29833,2.991027390012924
15552,Chad Green,TOR,157.93485,3.27474750197499
31776,Orion Kerkering,PHI,157.433935,3.0468705668783276
17968,Brock Burke,TEX,157.31554,2.9153832896285246
16727,Brock Stewart,MIN,157.20389,2.8723741814301587
26048,Sawyer Gipson-Long,DET,157.122005,5.8899032856634115
18403,Enyel De Los Santos,SDP,156.838955,2.5896870030992574
19349,Caleb Ferguson,NYY,155.92988000000003,2.715734657907387
19244,Cole Irvin,BAL,155.800865,4.526147653853304
21894,Gregory Santos,SEA,155.66521,2.6781157472959096
2036,Clayton Kershaw,LAD,155.3951,15.474979336168179
21101,Dauri Moreta,PIT,155.28611,2.958242003173775
20423,Ryan Walker,SFG,155.21053,3.0283976921741136
13293,Danny Coulombe,BAL,154.78641500000003,2.749090038824537
18548,Sam Hentges,CLE,154.46026,2.7333938550946226
18064,Phil Maton,TBR,153.55571000000003,2.6209189516714035
15551,Mark Leiter Jr.,CHC,153.45953,2.7215554377184694
15541,Tyler Rogers,SFG,153.28376999999995,2.3983228737860425
19769,Will Vest,DET,152.78311,2.6541479990063217
13761,Chris Stratton,KCR,152.69365,2.5304369369667965
12857,Shawn Armstrong,TBR,152.56361,2.735781838396156
12988,Andrew Chafin,DET,152.43767499999998,2.567661108706161
13470,Lucas Sims,CIN,151.285355,2.712344513649093
11762,Noah Syndergaard,,151.161575,9.885785897402359
22100,José Soriano,LAA,151.07099,2.7027639323731996
10078,Caleb Thielbar,MIN,150.79338499999997,2.825417601175185
27470,Emerson Hancock,SEA,150.29685500000002,5.2908573269170525
1890,Matt Moore,LAA,150.273435,2.9519730444877923
17610,Tanner Rainey,WSN,149.78456500000001,2.894370950506567
20203,Eli Morgan,CLE,149.04164,2.97723629855135
12056,Scott McGough,ARI,148.707145,2.8787581281808556
15042,Tim Mayza,TOR,147.91563000000002,2.411370390718102
27581,Hayden Wesneski,CHC,147.38523000000004,5.027690203208631
10061,Brooks Raley,NYM,147.25246499999997,2.419114462858795
25463,Brandon Williamson,CIN,146.71811000000002,7.016681571887002
26215,Jackson Rutledge,WSN,146.477815,7.637923995056758
12828,Andrew Kittredge,STL,145.73725000000002,2.9446449245640234
27942,John McMillon,KCR,145.165235,2.867314172506696
16502,Ryan Yarbrough,LAD,144.97071000000003,4.404316190499339
15684,Miguel Castro,ARI,144.62417000000002,2.549243110614431
20517,Nick Sandlin,CLE,144.40522950000002,2.5794248215992215
12760,Rafael Montero,HOU,144.38742,2.6103232454713092
11752,Luke Jackson,SFG,144.010575,2.5612489262218836
19979,Zach Plesac,LAA,143.67012,5.769444098643075
22361,Colin Holderman,PIT,143.247165,2.4552461893653597
20151,James Karinchak,CLE,142.94126500000002,2.960371979645811
17755,Drew Smith,NYM,142.2306,2.624156603721368
15046,Trevor Gott,OAK,141.53341999999998,2.4285742230397536
13190,Jordan Weems,WSN,141.46257549999999,2.484318756563673
11384,Tommy Kahnle,NYY,141.37766000000002,2.7722686191959935
10197,Shelby Miller,DET,140.69435499999997,3.0093246821580735
27681,Ken Waldichuk,OAK,139.984424,6.532170975268315
17871,Ian Gibaut,CIN,139.85267000000002,2.565911004860185
sa3020678,Drew Thorpe,SDP,139.21128999999996,12.524857847194728
5615,Ryan Brasier,LAD,138.610255,2.4822086620166
20468,Huascar Ynoa,ATL,138.52257,5.207321767569498
13346,Hoby Milner,MIL,138.15657,2.298682583919138
4806,Rich Hill,,137.90106000000003,10.267218119006495
21267,Jake Bird,COL,136.95504,2.3358411788784283
19911,José Suarez,LAA,136.57458499999998,4.248862455590191
19614,Cionel Pérez,BAL,136.36234499999998,2.3830321972940567
6984,Luis García,LAA,136.016155,2.3369108162066135
sa3018146,Mason Black,SFG,136.010345,4.585911700940377
26231,Tyler Holton,DET,135.981855,2.688302248985821
17170,Gabe Speier,SEA,135.94858000000002,2.354454893403301
25918,Zack Thompson,STL,135.83985399999997,4.669014948150642
22932,Prelander Berroa,CHW,135.679655,2.9181495469415055
16647,Ryan Thompson,ARI,135.44030000000004,2.625829778984103
13394,Dylan Floro,WSN,135.430455,2.51743508002305
12763,Chris Devenski,TBR,134.62789350000003,2.9300246475884544
19990,Bryse Wilson,MIL,133.487025,3.2115247203175747
22925,Joan Adon,WSN,133.35552,3.584498191025552
6632,Carlos Carrasco,CLE,133.32301,5.7024871897963205
16990,Tanner Banks,CHW,132.90599500000002,2.8080649523242083
15145,Justin Topa,MIN,132.805205,2.4261665878071637
15947,Ryne Stanek,,132.55962,2.5291604102074885
19742,Anthony Bender,MIA,132.19510499999998,2.704122917369826
sa3007229,Kai-Wei Teng,SFG,132.046215,4.429178574303655
sa3023079,Paul Skenes,PIT,131.98485,12.671843196743346
31839,Shintaro Fujinami,NYM,131.94109,2.809869815125979
19309,Trevor Richards,TOR,131.249095,2.931054315881623
20353,Steven Wilson,SDP,131.19325,2.542386594421965
14295,Wandy Peralta,SDP,131.13998,2.4633749030259655
13942,Brent Suter,CIN,130.926895,2.4305269205850633
29960,AJ Smith-Shawver,ATL,130.68221,5.470415548643931
14814,Buck Farmer,CIN,130.59664500000002,2.3510001008111705
13580,Steven Okert,MIN,130.57866,2.597996072524985
23443,Tom Cosgrove,SDP,130.46513500000003,2.423502460373041
19753,Jonathan Loáisiga,NYY,130.44097,2.802704921026791
11486,Robbie Ray,SFG,129.29788,11.019267415500519
5003,Jake Diekman,NYM,127.91513,2.402026740277543
sa3014459,Jared Jones,PIT,127.50309000000001,11.437716638558973
23363,Robert Garcia,WSN,127.48785250000002,2.6195470217535584
21345,Bennett Sousa,HOU,127.35106999999998,2.6285755861354376
17490,Génesis Cabrera,TOR,127.15603395,2.349333551657943
17948,Trent Thornton,SEA,127.11608,2.7671286671789526
16350,Ryan Borucki,PIT,126.807265,2.5385670930067286
14874,Sam Moll,CIN,126.69702499999998,2.3220744290898425
14527,Jorge López,NYM,126.65589500000002,2.634778181349177
18337,Nick Anderson,KCR,126.15845999999999,2.551403025884437
27572,Carmen Mlodzinski,PIT,125.99598500000002,2.6621588472062294
19274,Jacob Webb,BAL,125.747445,2.4820223909615047
22294,Matthew Liberatore,STL,125.47343000000001,4.289675248973508
6107,Huascar Brazoban,MIA,125.3445585,2.6013028558502285
7531,Collin McHugh,,125.05218,2.9903125605285625
sa3017413,Nick Nastrini,CHW,124.76254499999999,9.128076163301142
17611,Taylor Clarke,MIL,124.589685,2.569230301280597
19316,Eric Lauer,,123.9479,12.079161509750227
26203,Andrew Saalfrank,ARI,123.6194,2.3716270530251724
17897,Garrett Cleavinger,TBR,123.19125799999999,2.825390365010378
19541,Jimmy Lambert,CHW,123.16895,2.676846827071656
22713,Carlos Hernández,KCR,123.148465,2.5355206889949002
23809,Ray Kerr,ATL,123.050715,2.8223223644524773
25376,Nick Mears,COL,122.8349185,2.3977567144455008
5448,Jesse Chavez,CHW,122.26938,2.576543995549449
20375,Greg Weissert,BOS,122.0731795,2.7506535533137897
14857,Joe Mantiply,ARI,121.97272999999998,2.349411071282044
18815,Miguel Díaz,DET,121.791666,2.5814366741698778
18519,Phil Bickford,NYM,121.696755,2.5661211317380928
17701,Jose Cuas,CHC,121.63646,2.2886581683051883
14932,Ben Lively,CLE,121.18035,3.574578326047327
17888,Tayler Saucedo,SEA,121.07419500000002,2.283005894465312
13767,JT Chargois,MIA,120.897035,2.248887340816167
26108,Andre Pallante,STL,120.59940550000002,2.357718153541776
7146,Daniel Hudson,LAD,119.766845,3.5456006690547377
7048,Fernando Cruz,CIN,119.61922499999999,2.8058750882559216
19407,Ronel Blanco,HOU,119.00144,3.007775637817645
16835,Brennan Bernardino,BOS,118.37207400000001,2.2735659422447156
17735,Tyler Alexander,TBR,118.361525,3.6528741786848467
16408,Victor González,NYY,117.60902549999999,2.55645674246327
20276,Deivi García,CHW,117.49082499999999,2.474439153528299
21652,Elvis Peguero,MIL,117.23909500000002,2.470105155151781
12572,Blake Treinen,LAD,117.21394499999998,2.591090648646139
8110,Bryan Shaw,,116.89741000000001,2.337088151560226
sa3018096,Ricky Tiedemann,TOR,116.88411500000001,9.145360973968563
25595,Xzavion Curry,CLE,116.746875,3.417748616762786
16207,Spencer Turnbull,PHI,116.67461999999999,4.9309066473951795
12703,Trevor Bauer,,116.09841999999999,14.423436104302366
7115,Daniel Bard,COL,116.01019,2.3933493426088104
17464,Jonathan Hernández,TEX,115.68615,2.3869843228364975
26214,Chris Murphy,BOS,115.461655,4.692819227845992
23488,Ron Marinaccio,NYY,115.19770499999998,2.682709800469483
10591,Scott Alexander,OAK,114.96919000000001,2.3969092432910255
15264,Keynan Middleton,STL,114.88451,2.5668443665921163
31461,Ben Joyce,LAA,114.80473,2.6425729036950765
25679,Kevin Kelly,TBR,114.69723499999999,2.5971753056339906
20515,Kyle Nelson,ARI,114.51336300000001,2.4560506809651477
19493,Zach Jackson,OAK,114.43578499999998,2.725751848358391
sa3014536,Clayton Beeter,NYY,114.36208,5.066478825817485
15047,Austin Voth,SEA,114.178685,2.9795796755774995
6399,José Cisnero,LAA,114.135475,2.402265446754056
24993,Kody Funderburk,MIN,113.66846000000001,3.0998516458043586
16610,J.P. Feyereisen,LAD,113.48510999999998,2.7531097239978934
20167,Kyle Muller,OAK,113.23348000000001,2.8989477780451716
12499,Drew Rucinski,,113.15618500000001,7.031566372121348
20206,Mike Baumann,BAL,112.87937249999999,2.8480511001945303
25385,Drew Rasmussen,TBR,112.85948499999999,5.7248394541949885
21205,Connor Brogdon,PHI,112.709335,2.6021816574085617
6397,Jake Odorizzi,,112.37865,11.128912942294933
17796,Dillon Tate,BAL,112.07503000000001,2.421568428330669
27473,Cade Cavalli,WSN,110.984525,5.873409063245855
27914,Daniel Palencia,CHC,110.952988,2.706375067383144
10315,Michael Tonkin,NYM,110.888135,2.8591206425330036
26079,Beau Brieske,DET,110.802705,2.752431420672044
19962,Joey Wentz,DET,110.673845,3.2034527024484563
17677,Jeffrey Springs,TBR,110.6592655,8.684062019336409
20546,Grant Anderson,TEX,107.99279400000002,2.7841733418239105
19804,Bryan Baker,BAL,107.75683000000001,2.7019387532502703
13133,Derek Law,WSN,107.63129500000001,2.4791954401595806
17192,Jalen Beeks,COL,107.61194499999999,2.484162796173521
19320,Joey Lucchesi,NYM,107.50804000000002,5.723749387737718
16358,Tyler Mahle,TEX,107.49344499999998,8.012929183749533
16918,Luke Weaver,NYY,107.18941,3.5628854911085255
15068,Yency Almonte,CHC,106.90788500000002,2.384904711233657
9111,Brad Hand,,106.70086,2.452042164673872
27500,Slade Cecconi,ARI,106.67862,4.255247129027239
21045,Seth Martinez,HOU,106.45152999999998,2.5273812717685233
sa917784,Bryan Mata,BOS,106.24528999999998,2.9616237386407978
6893,Johnny Cueto,,106.03636,10.38869392273854
16943,Sean Newcomb,OAK,106.02501999999998,2.692179287299467
22051,John King,STL,105.955955,2.38524573741485
27451,Alec Marsh,KCR,105.06169999999999,6.525004036916043
19874,Alex Faedo,DET,104.45466999999998,3.1352986729980152
19866,Brandon Bielak,HOU,104.08888999999999,3.3606982345572183
23796,Ryan Weathers,MIA,104.00105000000002,3.465200079965349
27792,Gavin Stone,LAD,103.93566500000001,4.7325227665968495
25551,Isaiah Campbell,BOS,102.49897250000002,2.974355646544345
21863,George Soriano,MIA,102.289785,2.442449498567335
10133,Brad Boxberger,,102.01403500000002,2.31587964077022
26257,Joey Estes,OAK,101.982085,4.440819388017261
27582,Davis Daniel,LAA,101.07444,3.910293520270192
21481,Sean Hjelle,SFG,100.993645,3.396559673909753
14120,Lance McCullers Jr.,HOU,100.88767999999999,8.730253286143247
19996,Dylan Lee,ATL,100.61056349999998,2.6798754361665287
20160,Nate Pearson,TOR,100.57413499999998,3.048966843810915
26364,Ethan Small,SFG,99.63174000000001,2.6537963034485696
22717,Angel Zerpa,KCR,99.56986,4.050370786196909
19205,Jesse Scholtens,CHW,99.55567150000003,3.674427423581432
25427,Gavin Hollowell,COL,99.42359500000002,2.3311073883725517
19362,Keegan Akin,BAL,99.13821500000002,2.9197715445262875
7432,Jay Jackson,MIN,98.56915699999999,2.816712302539835
18384,Scott Effross,NYY,98.193335,2.8242039489768036
27472,Jared Shuster,CHW,97.410135,6.817761781112425
28036,Luke Little,CHC,97.18182499999999,2.7457534575557654
19680,Sixto Sánchez,MIA,96.99634,3.0160178355990594
16814,Tim Hill,CHW,96.79517499999999,1.8389643340926403
18333,Alex Young,CIN,96.76903000000001,2.3012301728853064
20039,Adrian Morejon,SDP,96.767315,3.346150108924928
23221,Michael Grove,LAD,96.656655,3.5159637042210483
10343,Aaron Loup,,96.44493500000002,2.149449404496586
14375,Amir Garrett,SFG,96.26252499999998,2.2247457764219183
sa3010309,Justin Slaten,BOS,95.84917999999999,2.6122921867675433
sa3005118,Matt Sauer,KCR,95.66402,2.877771159723726
13183,Zach Davies,,95.49311999999999,6.503740430980466
22273,Owen White,TEX,95.435195,4.338219758440271
20348,Riley O'Brien,STL,95.12887,2.4554708633613482
20009,Kenny Rosenberg,LAA,94.79299,6.192786960214281
17034,Sean Reid-Foley,NYM,94.345275,2.6573364184577946
sa3005122,Ben Brown,CHC,93.86327499999999,4.453879095589456
13218,Michael Fulmer,,93.74145500000002,2.854733503465582
23150,Osvaldo Bido,,93.73422000000002,4.229902662015624
sa3011336,Erik Miller,SFG,93.51149,2.383120153112584
10058,Tyler Matzek,ATL,93.36609714999999,2.4431665188197362
21850,Mason Thompson,WSN,93.33035999999998,2.335904411746302
15288,Adam Cimber,LAA,92.92103000000002,2.1263539566633183
13424,Drew VerHagen,,92.71831999999999,2.6794259589987224
sa3017607,Jordan Leasure,CHW,92.23162,2.567009373886712
16233,Tejay Antone,CIN,91.52424499999998,2.488383685964883
24933,Andrew Wantz,LAA,90.97431999999999,2.4153543077127306
5524,Madison Bumgarner,,90.92185999999998,9.474797263077598
20548,Bowden Francis,TOR,90.19538,3.4496290120246
22318,Jose Hernandez,PIT,89.93357999999999,2.374578003089231
24017,Jose A. Ferrer,WSN,89.613315,2.1447160707746877
21549,Jackson Kowar,SEA,88.44237499999998,2.5599483335021778
16401,Yonny Chirinos,,88.26522499999999,4.161491041961338
18335,Josh Staumont,MIN,88.20794500000001,2.5241069129118476
10430,Mychal Givens,,88.109475,2.473290076464446
21290,Lucas Gilbreath,COL,87.42277500000002,2.1570903891374136
24975,Cooper Criswell,BOS,87.12987500000001,3.8583772473651585
23324,Freddy Tarnok,OAK,87.09659500000001,2.8979166458713888
18331,James Kaprielian,,87.01662999999999,10.233470223940802
sa3018149,Will Warren,NYY,86.98708000000002,5.215365429582111
26226,Nick Robertson,STL,86.838845,2.580189119324935
19225,Mitch White,TOR,86.695325,2.9700758146737196
19459,Jorge Alcala,MIN,86.5431,2.5250438380225186
6797,Julio Teheran,BAL,86.527505,11.21992557005686
25388,Cody Morris,NYY,86.17955500000001,2.7603426904031316
23313,José Buttó,NYM,86.077165,3.967823295135015
14416,Yunior Marte,PHI,86.018345,2.205050154192419
20794,Manuel Rodríguez,TBR,85.475545,3.0056806034179617
22276,Dylan Coleman,HOU,85.3506785,2.4495226840930093
24986,Colin Selby,PIT,85.27293599999999,2.3075365385708215
22815,Luis Patiño,SDP,85.007485,2.931343126605631
17556,Jimmy Herget,LAA,84.69898499999998,2.5335765735583564
27649,Connor Phillips,CIN,84.59449500000001,5.025604626708729
21306,Jake Latz,TEX,83.66723000000002,2.6346074881128576
27477,Bryce Jarvis,ARI,83.49776999999999,3.089683511750361
sa3015080,Marc Church,TEX,83.337505,2.8309211129718763
12575,Nick Ramirez,NYY,83.20901,2.454173855850595
10954,Jacob deGrom,TEX,83.115105,17.369964200552143
23165,Steven Cruz,KCR,82.44620550000002,2.1248310108166484
24602,Drew Rom,STL,82.03696000000002,3.191131096398759
20418,Josh Fleming,PIT,81.950355,3.346278276847693
15010,Corey Knebel,,81.50128,3.137838659875181
11487,Joely Rodríguez,BOS,81.37937500000001,2.197500452302965
21023,Adrián Martínez,,81.36936,2.4341459182788237
27514,Kyle Hurt,LAD,81.367015,3.950526303012648
sa1169885,Mitch Spence,OAK,80.77054,2.7210310000741145
19795,Keegan Thompson,CHC,80.12325,2.8869289971103056
sa3007996,Ryan Fernandez,STL,80.09736000000001,2.5117236448475047
sa3005246,Joey Cantillo,CLE,79.33479,10.885927635523881
21997,Luis Frías,ARI,78.47378,2.397778640112199
12791,Michael Kelly,OAK,77.854255,2.441352877722657
20997,Eduard Bazardo,SEA,77.71527,2.6579227814809623
sa3022942,Hurston Waldrep,ATL,77.608505,4.437205838631478
14825,Dylan Covey,PHI,77.5825445,2.387368242089294
20271,Daysbel Hernández,ATL,77.489226,2.7991527682954582
21163,Angel Felipe,OAK,76.93028500000001,2.6302750615426698
25139,Tim Herrin,CLE,76.66508,2.81476091170769
19924,Bryan Hudson,MIL,76.35237999999998,2.774291278786689
30008,Evan Justice,COL,76.30271,2.2520796316519585
11189,Vince Velasquez,PIT,76.15906500000001,9.784291368879765
23301,Janson Junk,MIL,75.60607,3.1901295358649793
21052,Luis Gil,,75.253795,4.317833618305544
26304,Bryan Hoeing,MIA,75.10685000000001,2.5010106358181323
20370,Bruce Zimmermann,BAL,75.08660499999999,4.174678642514817
25589,Sammy Peralta,CHW,75.047865,2.4782258304191473
13763,Dominic Leone,,74.86116999999999,2.3201686636458865
24614,Victor Vodnik,COL,74.847095,2.4790455387040895
24606,Josh Winder,MIN,74.224355,3.0611137230642336
sa3018141,Ty Madden,DET,73.85239499999999,4.373690896385085
12863,Matt Barnes,,73.790285,2.3055069189935664
sa3015086,Cade Smith,CLE,73.627195,2.6728718402968115
26056,Brandon Walter,BOS,73.6127485,7.226997241257436
20080,Mauricio Llovera,SEA,72.663495,2.5684768738622505
20349,Zack Kelly,BOS,71.86468099999999,2.354358719831215
20116,Calvin Faucher,MIA,71.68249899999999,2.4794195634879452
15734,Brad Keller,,71.527501445,7.292258338779185
24494,Simeon Woods Richardson,MIN,70.60753299999999,4.907117549760924
14510,Thyago Vieira,MIL,70.519455,2.792982438769367
21859,Alex Speas,CHW,69.73565,2.248021495185504
sa3014534,Mick Abel,PHI,69.69300000000001,4.30860633187638
27685,Carson Spiers,CIN,69.15826,3.054545053023042
21513,Thaddeus Ward,WSN,69.095595,1.9916694770885757
sa3017420,Chayce McDermott,BAL,68.408495,4.2208446193999
18282,Jarlín García,,67.93217999999999,2.3976853355169343
29946,Grant Hartwig,NYM,67.917955,2.9796810083487983
sa1169893,Anthony Maldonado,MIA,67.867395,2.665658349011583
29628,Alek Jacob,SDP,67.61821200000001,2.472320466835588
21367,Peter Strzelecki,ARI,66.55395299999999,2.508062744950256
14681,Andrés Machado,,66.08598500000001,2.4662722655331604
sa3011200,Colby White,TBR,65.91519500000001,2.3839216416695908
18694,Kolby Allard,PHI,65.46473000000002,3.662792831605392
21093,Nick Vespi,BAL,65.24337299999999,2.798187233823548
29754,Sam Bachman,LAA,65.24302300000001,2.630141337343132
21520,Hogan Harris,,65.1623,3.0541726230929673
16631,Jeff Brigham,,64.79710215,2.480718144508294
2895,Zach McAllister,,64.76430500000001,2.19363782317257
17359,Josh Taylor,KCR,64.2337625,2.3042014327325946
21461,Cole Sands,MIN,64.1474175,2.5832561815399484
14361,Ty Blach,COL,64.10757145000001,2.8686942695538167
21324,Parker Mushinski,HOU,64.043195,2.3981993806333715
sa3016850,Ryan Loutos,STL,63.56400500000001,2.066282161722877
15043,Lou Trivino,NYY,63.54229,2.763958050596792
7982,Anthony Bass,,63.530919499999996,2.40062724122686
21366,Glenn Otto,SDP,63.46413999999999,2.8940208122429247
24453,Justin Martinez,ARI,63.24771500000001,2.3443226423416648
sa3014447,Shane Drohan,CHW,63.115355,2.4603306799931395
7803,Richard Bleier,WSN,62.94022495,1.8278033317941973
17578,JT Brubaker,PIT,62.70268,3.4509284637145154
24681,Kelvin Caceres,LAA,62.216094999999996,2.2105323091244364
18769,Cody Poteet,NYY,62.085735,2.650608584651115
25636,Hunter Gaddis,CLE,62.08145000000002,3.8128650481203294
14975,Chad Kuhl,CHW,61.71289,2.4476324003601273
16942,Luis F. Ortiz,PHI,61.569075500000004,2.5209464643983135
25928,Darius Vines,ATL,61.203784999999996,2.961397044592397
27775,Kyle Nicolas,PIT,60.90343,2.4728440977875583
14420,Jackson Stephens,ATL,60.76205,2.7845931404898083
27702,Brent Headrick,MIN,60.691238,3.5980956389764995
19716,Dustin May,LAD,60.11358499999999,4.053894838352912
13607,Carl Edwards Jr.,,60.0854845,2.460180668380884
21955,Yerry Rodríguez,TEX,60.069968,2.4139608750863997
24737,Gus Varland,LAD,59.740885,2.543973163907969
17480,Daniel Duarte,,59.711831999999994,2.7248382077129123
26024,Brendan White,DET,59.473789999999994,2.5323081835987393
sa1053035,Josh Simpson,MIA,59.41827,2.391192733653134
25862,Noah Davis,COL,59.13429000000001,4.180017530342337
20153,Nick Nelson,PHI,59.061716735,3.3818348603444717
21298,Andre Jackson,,59.05932,4.799580661676866
23735,Luis Garcia,HOU,58.761162999999996,13.509089717799872
9434,Dallas Keuchel,,58.743005,8.690372140157258
16466,Brent Honeywell,PIT,58.68937,2.385620678582026
25651,Ty Adcock,SEA,58.4807955,2.347306554547644
13801,Austin Adams,NYM,58.412544999999994,2.320121740511985
18356,Jaime Barria,CLE,58.37037,3.174942751309513
19444,Yohan Ramírez,NYM,58.362965,2.5815753621585755
10291,Ryan Tepera,,58.31993,2.5346242606250518
25098,Jacob Lopez,TBR,58.14931,3.3118036017359413
22288,Mason Englert,DET,58.122460000000004,2.8293486250590236
25071,Lane Ramsey,,57.64635199999999,2.2944186972130898
25921,Casey Legumina,CIN,57.484545,2.2835340735297036
sa3020644,Jacob Misiorowski,MIL,57.345945,3.00919588180659
16754,Vinny Nittoli,OAK,57.19545000000001,2.2623082125947818
10314,Erasmo Ramírez,TBR,56.650124999999996,2.964174899014211
18325,Taylor Hearn,KCR,56.050107805,3.4440448434667736
sa3020860,Cade Horton,CHC,55.954522999999995,11.413467210606832
19588,Guillermo Zuñiga,LAA,55.823824999999985,2.266957360406091
22915,Carlos Vargas,SEA,55.734465,2.0604086106572224
sa3015302,Cristian Mena,ARI,55.217895000000006,6.064248672228153
29832,Jackson Wolf,PIT,55.155942499999995,3.317072059610654
1246,Matt Bush,,55.1080075,2.3616334257564913
10657,Andrew Bellatti,,55.1043915,2.4099886945112616
19884,Corbin Martin,ARI,55.0214415,2.3942352529067747
sa3014431,R.J. Dabovich,SFG,54.34425950000001,2.344972103319123
26128,Amos Willingham,WSN,54.114419999999996,2.287768561499632
17793,Trey Wingenter,DET,53.92445,2.183697725367598
21238,Allan Winans,ATL,53.9133,3.2137926512315502
19454,Michael Rucker,PHI,53.6244155,2.300558811289914
16933,Elieser Hernández,,53.529785000000004,2.890845439326025
sa3018116,Carlos F. Rodriguez,MIL,53.502195,12.048470019682114
17264,Sam Coonrod,,53.46952,1.7101490436896312
sa3014857,Carson Coleman,TEX,53.258030000000005,2.4034274703057874
24977,Shawn Dubin,HOU,52.96243499999999,2.874004102430527
sa917930,Forrest Whitley,HOU,52.84555,2.526174519102069
17783,Jake Brentz,KCR,52.745215,2.062882156699402
13758,Tyler Duffey,,52.4792035,2.2607093901850637
22210,Jeremiah Estrada,SDP,52.2190945,2.2013681643424445
23252,Spencer Howard,SFG,51.803670000000004,2.8091116136064165
20185,Zach Pop,TOR,51.5628,2.3083927636085257
20491,J.B. Bukauskas,MIL,51.07839,2.5485420762191775
17878,Dennis Santana,NYY,50.662456885000005,2.373771559463233
sa3006366,Randy Rodríguez,SFG,50.54238,2.329732420659614
sa3014869,Yosver Zulueta,TOR,50.06967,2.434348016336056
21025,Oliver Ortega,HOU,50.00526665,2.614832205587831
13420,Matt Koch,COL,49.96153,2.0298178257725343
19926,Tony Santillan,CIN,49.910734500000004,2.0566904089832083
17496,Diego Castillo,TEX,49.706735,2.935824311474151
20526,Denyi Reyes,NYM,49.635774999999995,2.8099804122485716
sa3016940,Patrick Monteverde,MIA,49.524325,3.2937167464751265
sa3008662,Cole Winn,TEX,49.477565,3.151417188425551
sa3009727,Anthony Molina,COL,49.468881,2.4037941155032923
sa3017787,Cade Povich,BAL,49.286959499999995,6.13009685130644
14764,Wes Parsons,TOR,49.22277,2.7114157288516516
15290,Austin Pruitt,TEX,49.084539625000005,2.3123199084673587
27453,Anthony Veneziano,KCR,48.957229999999996,3.554038083208107
17369,Brett Martin,,48.716813,2.2842680439440897
22224,Jonathan Heasley,BAL,48.434995,2.6052786010510403
25178,Joe Jacques,BOS,48.2014755,2.1148975271374293
23293,Codi Heuer,,48.1549885,2.4036032094636752
15444,Zack Weiss,MIN,47.99009,2.415434289136858
sa3010798,Jairo Iriarte,,47.743855,2.475930084218387
18674,Jake Woodford,CHW,47.700285,2.4829673103950864
19200,José Quijada,LAA,47.137035,2.5688457451156705
4264,Mark Melancon,,46.766506500000006,2.5817451681820445
14552,José Ruiz,PHI,46.63690499999999,2.2180271850016404
19871,Tucker Davidson,BAL,45.777156999999995,2.1780495777328417
11589,José Ureña,TEX,45.700300500000004,2.3931118890273666
sa3011135,Antoine Kelly,TEX,45.637185,2.5937439969082305
24581,Lyon Richardson,CIN,45.448541500000005,3.4296385746734384
26213,Caleb Kilian,CHC,45.401955,2.815642577628388
20061,Kaleb Ort,BAL,45.33987175,2.281664691466127
23265,Cody Bolton,SEA,45.2514455,2.6030214505125344
19800,Wil Crowe,,45.20711000000001,2.5638514107472004
10855,Chasen Shreve,TEX,44.89282,2.1390775241816367
3542,Danny Duffy,,44.81030400000001,2.8679879418597958
29928,Dylan Dodd,ATL,44.755096,4.581052467805778
15100,Ben Heller,PIT,44.688435,2.324882945405737
23307,Collin Snider,SEA,44.57047,1.9265718879946057
sa3023347,Naoyuki Uwasawa,TBR,44.527409,2.943416028768228
sa917925,Jay Groome,,44.221439999999994,4.825434515027978
15594,Nick Wittgren,,44.167170000000006,2.01168601658825
sa3007990,Stephen Kolek,SDP,43.436910000000005,2.2359732117118973
13528,Matt Bowman,,43.3693245,2.054639212620807
6895,Chase Anderson,PIT,43.337545000000006,2.642903882861621
17381,Matt Gage,LAD,43.18295849999999,2.256292603023162
20132,Adam Oller,CLE,42.78966000000001,2.8473100391932453
15036,Chase De Jong,,42.62392005000001,3.721962980265457
sa917966,Sean Reynolds,,42.572869999999995,2.217417822524779
10547,Jimmy Nelson,,42.496894999999995,2.295603193552395
14677,Duane Underwood Jr.,NYY,42.355435,2.40304980795089
sa3002956,Keider Montero,DET,42.153052,2.3280875717291774
23631,Clayton Andrews,NYY,42.02906,2.594658698752338
19951,Ian Anderson,ATL,41.7766605,5.362905764236649
17964,Tyler Gilbert,CIN,41.547866500000005,4.368929741268264
25174,Penn Murfee,ATL,41.464065500000004,2.506608400486039
13276,Matt Carasiti,COL,41.19212699999999,2.041882807233215
24937,Austin Warren,SFG,41.15370250000001,2.4823538016105204
21620,Jake Cousins,CHW,40.717974999999996,2.510247708175356
25097,Garrett Hill,DET,40.69406,2.431121705259636
19976,Tyson Miller,SEA,40.403605,2.6765685345769876
18152,Anthony Misiewicz,NYY,40.1024535,2.4734294375605215
sa3020682,Chase Hampton,NYY,39.869866,10.42289489231992
sa3004863,Ricky Vanasco,,39.7660595,2.329887829714433
26068,Kolton Ingram,,39.751487499999996,2.365920561609837
sa3017306,Mason Montgomery,TBR,39.6364335,11.70117214138319
10756,Shane Greene,TEX,39.608788000000004,3.0908145142411243
16128,John Curtiss,,39.4934975,2.225010845192622
15256,Cole Sulser,NYM,39.400628000000005,2.752170827454213
23449,Ricky Karcher,ARI,39.397583999999995,2.835868303989174
20277,Cory Abbott,,39.207654999999995,3.9836028513776305
23460,Brandon Hughes,ARI,38.971084999999995,2.618039245982694
19868,Drew Carlton,SDP,38.7890035,2.7998010350651787
17759,Angel Perdomo,ATL,38.5550475,3.133537670676203
sa3017876,Tyler Samaniego,PIT,38.4267825,2.152133972176173
3548,Liam Hendriks,BOS,38.332012500000005,3.499266269866628
15855,Wander Suero,HOU,38.202836,2.4619829736226486
19179,Kirby Snead,,38.19973108,2.0376993614808097
25481,Joe La Sorsa,WSN,38.058114999999994,2.114668670682106
sa3017788,David Festa,MIN,37.915169,12.550577459706918
25645,Declan Cronin,MIA,37.83951999999999,1.826284544919254
sa3014984,Zach Brzykcy,WSN,37.820004,2.4213790719114936
23455,Hunter Stratton,PIT,37.6236175,2.3974165891393833
20422,Jovani Moran,MIN,37.56835660000001,2.6150517603820087
sa3017915,Mike Vasil,NYM,37.562699,9.662057798412924
14682,Luis Perdomo,,37.37146499999999,1.9836865823752343
19278,Vladimir Gutierrez,MIA,37.24720000000001,3.2637482037082477
19268,Justin Dunn,,37.15975,9.130563513865479
25663,McKinley Moore,NYY,37.003280000000004,2.3209880260178513
5114,Jeurys Familia,,36.923626,2.1828150346425783
15038,Germán Márquez,COL,36.830524999999994,11.30873827844339
8337,Lucas Luetge,BOS,36.6576125,2.5834687052920158
sa3011530,Matt Canterino,MIN,36.325292,12.110206830335116
20298,Jhonathan Diaz,,36.057655000000004,2.5750317793584143
sa3008578,Adam Kloffenstein,STL,35.984114999999996,2.6231886540746623
13182,Kyle Crick,NYM,35.924485000000004,2.2388994490701504
sa3017598,Michael McGreevy,STL,35.552077,5.60501931293257
23617,Josh Walker,NYM,35.4984915,2.1902238750717253
sa3015223,Wilmer Flores,DET,35.455873,3.3282836598484913
19482,Andrew Vasquez,DET,35.344244999999994,2.177455812320184
17489,Spenser Watkins,WSN,35.234318,4.933417250422503
sa3011481,Trevor Brigden,TBR,34.957826,2.5951779841577394
sa3008470,Braxton Ashcraft,PIT,34.756530999999995,2.474919428917292
17732,Nabil Crismatt,LAD,34.603981,2.446756017196029
16866,Reed Garrett,NYM,34.4443025,2.586219253063431
sa3017868,Carson Seymour,SFG,34.3396515,3.0656023693043855
22872,Yoendrys Gómez,,34.165189999999996,2.3675679983368556
19315,Matt Krook,BAL,34.0691585,2.0774763861872154
14765,Julio Urías,LAD,33.971322,15.318405721294326
sa3011680,DJ Herz,WSN,33.7730815,2.9989061695288504
21420,Yerry De Los Santos,NYY,33.7601315,2.3049020966607725
15440,Matthew Boyd,DET,33.660831,12.716068089350273
sa3014518,Landon Knack,,33.6146405,3.040920608642947
19337,Richard Lovelady,,33.4830695,2.4414178685488457
sa3014487,Will Klein,KCR,33.475356,2.2366557758223253
21956,Max Castillo,PHI,33.44159500000001,2.2290830133845256
19545,Stephen Nogosek,WSN,33.301289999999995,3.277782808547496
sa3014973,Mitchell Parker,WSN,33.1622095,4.447864402824126
5097,Anthony Gose,CLE,33.1480595,2.803621620021483
25777,Peyton Battenfield,NYM,33.1378725,3.17455142452053
sa3008104,Roddery Muñoz,MIA,32.9530715,2.2319426928469346
19178,Tommy Nance,SDP,32.804294500000005,2.5252332070882026
24607,Jonathan Bowlan,KCR,32.7079575,2.5712388076127883
15015,Alex Reyes,,32.426388,2.7470910461796527
21327,Nicholas Padilla,CHW,32.25376800000001,2.320932582086653
17536,Ryan Burr,PHI,32.0504965,2.5131928032055453
12910,Ken Giles,ATL,31.9596395,2.1296487972279605
sa3014477,Christian Roa,CIN,31.896185999999997,2.6114233549749875
11426,Drew Pomeranz,,31.8841535,2.336211953574935
10843,Adam Kolarek,LAA,31.860504999999996,1.8436298563773765
11121,Casey Lawrence,,31.6682365,2.7024138328284333
22175,Max Kranick,NYM,31.552997,2.159965840869107
7836,Hunter Strickland,,31.394389999999994,2.148034949436895
15915,Víctor Arano,,31.312217750000002,2.3210224636230885
21866,Jordan Balazovic,,31.200657,2.1926125271435497
18318,Jacob Waguespack,TBR,30.982024500000005,2.3364321212029804
sa3008244,Ryan Rolison,COL,30.621047,4.793729071203698
21858,Riley Pint,COL,30.519765,1.5496435589270208
19264,Thomas Hatch,PIT,30.488210000000002,2.839678666232013
sa3017850,Will Dion,CLE,30.43092,4.060552848305641
sa915622,Kade McClure,,30.372260500000003,2.159191021220631
16507,Dan Altavilla,KCR,30.153001999999997,2.1974523750528356
20038,Darren McCaughan,MIA,30.0281685,2.7055085188622296
sa3010825,Justin Yeager,MIL,29.889340000000004,2.3708903131643244
16981,Tyler Beede,,29.807765,1.9786760264197285
sa3014917,Jake Eder,CHW,29.706590499999997,11.65677453657924
19330,Matt Festa,SDP,29.672984500000002,2.310098521592227
25650,Levi Stoudt,SEA,29.643027500000002,2.6968555819391
18186,James Naile,,29.636897500000003,2.309158712844287
22461,Logan Gillaspie,SDP,29.3613005,2.0360947338492688
19891,Ryder Ryan,PIT,29.342479499999996,2.321104883875458
20190,Chad Smith,NYM,29.193595000000002,2.7732639548580766
20430,Rony García,,29.0356565,3.884155718549217
sa3017103,Hayden Juenger,TOR,28.43607,2.4216367894400683
24930,Ethan Roberts,CHC,28.4116705,2.556132693363083
21761,José Marte,LAA,28.3646505,2.1816109047278434
sa3016849,Gordon Graceffo,STL,28.344395,11.779195116173726
sa3010633,Cody Laweryson,MIN,28.339374999999997,2.289828461078521
22296,Joe Barlow,,28.222150499999998,2.1750672816813483
17186,Dinelson Lamet,LAD,28.0639025,2.6039585150407336
19647,Matt Foster,CHW,28.0123825,2.1738111405135685
21455,Kris Bubic,KCR,27.94011,6.158998075596224
sa3018053,Jack Leiter,TEX,27.8188355,9.390831403552596
19487,Devin Smeltzer,MIA,27.62496,3.1511457069070934
19558,Geoff Hartlieb,COL,27.230648499999997,2.0703151776414326
24604,Austin Cox,KCR,27.2049365,1.9858632557867921
12323,Jacob Barnes,WSN,27.0925765,1.8831158815883673
18376,Connor Overton,CIN,27.091842,4.574624632737834
sa3017977,Pierson Ohl,MIN,26.904376000000003,2.3669677828022455
19784,Justin Garza,,26.7485925,2.4153754639119405
10732,Drew Hutchison,,26.572942499999996,7.0394697802561685
23292,Packy Naughton,STL,26.484693344999997,3.177966167497615
19995,Joel Kuhnel,HOU,26.33950106,2.173477221791296
4301,Justin Wilson,,26.249630000000003,2.4265444595431562
12804,Matt Wisler,,26.008638500000004,3.306736318154946
sa3011814,Blake Walston,ARI,25.7972785,9.39904560475394
17485,Albert Abreu,,25.64421,2.7559246952215553
31533,Victor Mederos,LAA,25.602999999999998,2.438450622398735
25379,Sam Long,KCR,25.507954500000004,3.0934406159726993
22310,Chris Rodriguez,ARI,25.298700500000002,1.9926983545609933
sa3010816,Austin Pope,ARI,25.2836775,2.2533869415256276
sa3017537,Spencer Arrighetti,HOU,25.282654,5.145946771094539
21574,Brendon Little,TOR,25.24197,2.3943513275091775
sa3017130,Griff McGarry,PHI,25.089081999999998,2.657412375796644
25348,Devin Sweet,,24.245889500000004,2.265208854964685
23798,Randy Dobnak,MIN,24.2406875,2.788552018709457
sa3007834,Taylor Lehman,PHI,23.778484,2.0607414982493846
sa3020079,T.J. Brock,TOR,23.745862,2.7403297970186937
sa3015121,Erik Sabrowski,CLE,23.576692,2.607493115385041
18615,Hobie Harris,MIN,23.5197455,1.9346668997285514
20231,Zach Logue,ATL,23.1991255,3.7367257478162688
18454,Trevor Kelley,SEA,23.130980000000005,1.9915948442867848
sa3008067,Cam Sanders,CHC,22.917143499999998,2.812975608019698
23191,Michael Plassmeyer,PIT,22.51112,2.155680044432953
13652,Tayler Scott,HOU,22.128864499999995,2.0797218593460705
sa3010299,Nic Enright,CLE,22.070537,2.5848956521637287
15488,Antonio Senzatela,COL,21.8524535,8.234711346421976
8801,Wilking Rodríguez,STL,21.541555000000002,2.2677684306048738
sa3007926,Tim Cate,WSN,21.22076,2.0791213528501165
sa3005117,Blayne Enlow,SFG,20.805052500000002,5.5925756427212026
26058,Easton Lucas,OAK,20.5598845,2.0281020468557336
24094,Ronny Henriquez,MIN,20.357953,2.481566542779024
23779,Justin Bruihl,,20.0992008,2.144770372393894
sa3011735,Sem Robberse,STL,20.098397499999997,9.496726675644386
sa3014493,Bailey Horn,CHW,19.580808,3.276804594700431
sa3010315,Zak Kent,TEX,18.9843595,2.3184823534153125
15690,Jimmy Cordero,,18.6941385,2.9070688025030402
21065,Thomas Szapucki,SFG,18.660865,3.458264609842069
13696,Robert Gsellman,WSN,18.5425116,1.7191436597780436
sa829628,Logan Sawyer,STL,18.183426500000003,2.1070238855329895
sa3017005,Kevin Kopps,SDP,18.165907500000003,1.7970922985606177
7738,Wily Peralta,PIT,18.086787,3.045534022923862
15094,Rob Zastryzny,MIL,17.851013499999997,1.9799194878455368
sa3019426,Colton Gordon,HOU,17.652395000000002,2.7032639972557555
13345,Luis Cessa,KCR,17.594179000000004,2.497587327364586
11632,Heath Hembree,,17.569904,2.796984907024021
sa3009243,Royber Salinas,OAK,17.5486175,2.496666225625354
sa3005024,Michael Mercado,PHI,17.5063165,2.8306257791517977
sa3004857,David Parkinson,PHI,17.3126585,3.922917445578162
15239,Alan Busenitz,CIN,17.1922855,1.9842533666652817
sa3018182,Richard Fitts,BOS,16.7635755,12.582810787684087
sa828669,Grant Holmes,ATL,16.626846,2.3923760383198105
21189,Brooks Kriske,CIN,16.467113,2.358641201671248
sa3017418,Ryan Bergert,SDP,16.395522,10.043752488651748
18439,Danny Young,NYM,15.659709999999999,2.29111947985065
21448,Davis Martin,CHW,15.589185500000001,4.902059192548732
27488,Karl Kauffmann,COL,15.567605,2.5769018127163266
13707,Joey Krehbiel,SEA,15.374358475,1.957581852618176
17169,José Castillo,ARI,15.358414,2.2970970728431457
16794,Josh James,,14.771753,1.9125129794633169
sa3014675,Chih-Jung Liu,BOS,14.342981,2.340912407031723
20323,Erich Uelmen,PHI,14.114588500000002,2.191314982572988
sa3017822,Connor Cooke,TOR,13.8510775,2.1591299149509284
sa3014876,Dugan Darnell,COL,13.608005000000002,1.8100926461687852
24750,Frank German,BOS,13.5265725,2.0820041096522957
17117,Austin Davis,SDP,13.424939499999999,2.1106304721387663
21018,Francisco Pérez,,12.787128499999998,2.787111563988273
19805,Daniel Castano,,12.723531999999999,5.0739069403901675
sa3014492,Nick Frasso,,12.3510975,4.330163129220219
sa3014478,Zach McCambley,MIA,12.146802999999998,1.8946371555805117
sa3014435,Jeff Criswell,COL,12.124564999999999,8.033876012139041
19345,Daulton Jefferies,SFG,11.9374785,9.952709226125961
23493,Nick Snyder,PHI,11.842927,2.024857705124325
13339,Adrian Sampson,,11.530586999999999,6.78641080120301
22828,Juan Then,CHW,11.1642555,2.1661551819478264
12997,Colten Brewer,CHC,10.7332555,1.9922811846858053
sa3014845,Noah Skirrow,PHI,10.45552,9.555837865009368
12022,Matt Andriese,MIA,10.302235,1.7762872271275043
25416,Blair Calvo,DET,9.5530801,1.5140163968201645
sa3017390,Brett Kerry,LAA,9.518349500000001,7.9525683229035256
sa3017592,Luke Albright,ARI,8.8905025,6.673248840316455
sa3007585,Austin Schulfer,MIN,8.7760185,1.6903646911758756
